{
  "B": 2.4516989068614747e-06,
  "J_max": 2,
  "V_max": 2,
  "alpha": 0.0,
  "amplitude": 1.0,
  "axes": "xy",
  "backend": "numpy",
  "carrier_freq": 14.759202286564848,
  "debye_unit": 3.33564e-30,
  "delays": [
    0.0,
    10.0,
    20.0
  ],
  "delta_omega": 0.06283185307179587,
  "dense": true,
  "description": "CO2_antisymm_stretch",
  "dt": 0.1,
  "durations": [
    50.0,
    80.0
  ],
  "gdd": 0.0,
  "mu0_Cm": 1.0006919999999999e-30,
  "omega": 14.759202286564848,
  "polarizations": [
    [
      1,
      0
    ],
    [
      0.7071067811865475,
      {
        "real": 0.0,
        "imag": 0.7071067811865475
      }
    ],
    [
      0.7071067811865475,
      {
        "real": 0.5,
        "imag": 0.5
      }
    ]
  ],
  "potential_type": "harmonic",
  "sample_stride": 1,
  "t_end": 1000.0,
  "t_start": 0,
  "tod": 0.0
}