{
  "B_rad_phz": 7.355096720584423e-08,
  "J_max": 2,
  "V_max": 2,
  "alpha_rad_phz": 0.0,
  "amplitude": 1.0,
  "axes": "xy",
  "backend": "numpy",
  "carrier_freq": 0.44277606859694546,
  "debye_unit": 3.33564e-30,
  "delta_omega_rad_phz": 0.001884955592153876,
  "dense": true,
  "description": "CO2_antisymm_stretch",
  "dt": 0.1,
  "gdd": 0.0,
  "mu0_Cm": 1.0006919999999999e-30,
  "np": 